{
  "status": "success",
  "gridSize": { "width": 30, "height": 30 },
  "objects": [
    {
      "id": "obj1",
      "type": "wall",
      "position": { "x": 5, "y": 3 },
      "properties": { "isExterior": true, "isBlocking": true, "canTransport": false }
    },
    {
      "id": "obj2",
      "type": "wall",
      "position": { "x": 7, "y": 5 },
      "properties": { "isExterior": true, "isBlocking": true, "canTransport": false }
    },
    {
      "id": "obj3",
      "type": "floor",
      "position": { "x": 10, "y": 8 },
      "properties": { "isExterior": true, "isWalkable": true, "canTransport": false }
    }
  ],
  "timestamp": "2025-04-11T12:00:00Z"
}